<TICKER>,<PER>,<DATE>,<TIME>,<OPEN>,<HIGH>,<LOW>,<CLOSE>,<VOL>
SU26230RMFS1,D,03/01/20,000000,113.4,113.599,113.1,113.205,1.315
SU26230RMFS1,D,06/01/20,000000,113.599,113.599,113.081,113.286,3.075
SU26230RMFS1,D,08/01/20,000000,113.469,113.471,113.111,113.29,3.599
SU26230RMFS1,D,09/01/20,000000,113.062,113.849,112.89,113.839,89.003
SU26230RMFS1,D,10/01/20,000000,113.801,115.499,113.701,115.049,500.104
SU26230RMFS1,D,13/01/20,000000,115.648,116.55,115.648,115.7,317.526
SU26230RMFS1,D,14/01/20,000000,115.441,116.059,115.308,115.55,1.227.159
SU26230RMFS1,D,15/01/20,000000,115.988,115.988,114.7,115.198,1.774.394
SU26230RMFS1,D,16/01/20,000000,115.57,115.57,115.012,115.25,325.119
SU26230RMFS1,D,17/01/20,000000,115.999,115.999,115.377,115.598,185.302
SU26230RMFS1,D,20/01/20,000000,115.729,115.8,115.309,115.599,18.209
SU26230RMFS1,D,21/01/20,000000,115.829,115.837,115.22,115.45,38.948
SU26230RMFS1,D,22/01/20,000000,115.301,115.532,115.2,115.364,329.428
SU26230RMFS1,D,23/01/20,000000,115.796,115.796,115.368,115.499,50.572
SU26230RMFS1,D,24/01/20,000000,115.495,115.59,115.4,115.4,7.332
SU26230RMFS1,D,27/01/20,000000,115.302,115.302,114.341,114.349,325.195
SU26230RMFS1,D,28/01/20,000000,115.496,115.496,113.701,114.848,125.470
SU26230RMFS1,D,29/01/20,000000,114.85,114.997,114.6,114.8,349.746
SU26230RMFS1,D,30/01/20,000000,114.719,114.819,114.5,114.79,126.921
SU26230RMFS1,D,31/01/20,000000,114.769,114.998,114.3,114.4,516.917
SU26230RMFS1,D,03/02/20,000000,114.361,114.599,114.11,114.5,456.671
SU26230RMFS1,D,04/02/20,000000,114.72,114.818,114.4,114.8,426.275
SU26230RMFS1,D,05/02/20,000000,114.55,115.449,114.55,115.2,598.361
SU26230RMFS1,D,06/02/20,000000,115.448,115.5,114.96,115.147,256.941
SU26230RMFS1,D,07/02/20,000000,115.23,115.949,114.85,115.321,452.987
SU26230RMFS1,D,10/02/20,000000,115.749,115.834,115.5,115.66,4.963
SU26230RMFS1,D,11/02/20,000000,115.72,115.813,115.238,115.7,1.095.667
SU26230RMFS1,D,12/02/20,000000,115.789,116.099,115.699,116.099,9.229.083
SU26230RMFS1,D,13/02/20,000000,116.099,116.388,115.75,116.247,2.733.177
SU26230RMFS1,D,14/02/20,000000,116.4,116.889,116.24,116.55,259.561
SU26230RMFS1,D,17/02/20,000000,116.44,116.75,116.44,116.696,105.374
SU26230RMFS1,D,18/02/20,000000,117.6,117.6,116.302,116.8,309.157
SU26230RMFS1,D,19/02/20,000000,116.9,117.298,116.801,117.136,1.538.959
SU26230RMFS1,D,20/02/20,000000,117.29,117.998,117.002,117.797,1.747.247
SU26230RMFS1,D,21/02/20,000000,117.799,117.849,117.3,117.4,281.563
SU26230RMFS1,D,25/02/20,000000,116.903,117.379,116.051,116.11,450.162
SU26230RMFS1,D,26/02/20,000000,116.001,116.358,115.59,116.272,913.658
SU26230RMFS1,D,27/02/20,000000,115.899,115.9,114.47,114.5,566.164
SU26230RMFS1,D,28/02/20,000000,114.5,114.5,110,112.099,1.113.558
SU26230RMFS1,D,02/03/20,000000,112.092,113.799,111.751,112.42,377.039
SU26230RMFS1,D,03/03/20,000000,114.102,115.449,112.77,114.76,113.740
SU26230RMFS1,D,04/03/20,000000,115.9,116.998,114.857,116.6,3.125.734
SU26230RMFS1,D,05/03/20,000000,116.5,117.35,114.7,114.7,231.436
SU26230RMFS1,D,06/03/20,000000,114.262,116.798,110.56,111.5,1.817.430
SU26230RMFS1,D,10/03/20,000000,108.5,108.6,104.35,105.2,17.201.141
SU26230RMFS1,D,11/03/20,000000,108.983,108.983,102.531,103.299,684.743
SU26230RMFS1,D,12/03/20,000000,102.963,102.963,96.2,96.998,2.569.467
SU26230RMFS1,D,13/03/20,000000,98.928,99.75,97,98,2.064.936
SU26230RMFS1,D,16/03/20,000000,97.5,97.8,95.1,96.5,1.366.396
SU26230RMFS1,D,17/03/20,000000,97,98.635,95.298,96.48,1.935.759
SU26230RMFS1,D,18/03/20,000000,96.89,97.893,92.3,92.8,14.567.860
SU26230RMFS1,D,19/03/20,000000,92.901,95.533,91.616,95.4,3.929.147
SU26230RMFS1,D,20/03/20,000000,95.98,101.408,95.535,99.4,9.727.167
SU26230RMFS1,D,23/03/20,000000,99.15,101.19,97.87,100.8,4.782.416
SU26230RMFS1,D,24/03/20,000000,101.999,105.895,101,105,8.587.789
SU26230RMFS1,D,25/03/20,000000,105.884,106.509,103.101,104.8,7.467.505
SU26230RMFS1,D,26/03/20,000000,104.04,106.31,103.75,106,7.197.686
SU26230RMFS1,D,27/03/20,000000,105.78,107.78,105.529,106.645,9.677.562
SU26230RMFS1,D,30/03/20,000000,106,107.75,103.1,107.75,1.320.960
SU26230RMFS1,D,31/03/20,000000,106.988,109.799,106.982,109.1,1.800.429
SU26230RMFS1,D,01/04/20,000000,107.9,109.247,107.9,108.544,557.690
SU26230RMFS1,D,02/04/20,000000,108.984,110.039,107.03,108.35,1.888.596
SU26230RMFS1,D,03/04/20,000000,108.851,109.642,108.25,108.993,917.200
SU26230RMFS1,D,06/04/20,000000,109.54,109.667,108.901,109.42,711.510
SU26230RMFS1,D,07/04/20,000000,109.421,110.269,109.34,109.504,672.172
SU26230RMFS1,D,08/04/20,000000,109.93,109.93,108.832,109.301,71.990
SU26230RMFS1,D,09/04/20,000000,109.499,110.61,109.499,110.24,1.608.104
SU26230RMFS1,D,10/04/20,000000,109.857,110.25,109.8,110.18,156.677
SU26230RMFS1,D,13/04/20,000000,110.5,110.5,109.978,110.079,742.121
SU26230RMFS1,D,14/04/20,000000,110.261,110.669,109.632,110.001,40.067
SU26230RMFS1,D,15/04/20,000000,109.855,109.891,108.998,109.07,106.949
SU26230RMFS1,D,16/04/20,000000,109.25,110.49,108.76,110.2,977.059
SU26230RMFS1,D,17/04/20,000000,110.494,114.259,110.231,114.259,425.431
SU26230RMFS1,D,20/04/20,000000,113.98,115.849,113.672,115.405,174.388
SU26230RMFS1,D,21/04/20,000000,115.375,115.376,112.64,113.42,335.075
SU26230RMFS1,D,22/04/20,000000,113.4,115.57,113.4,115.464,506.769
SU26230RMFS1,D,23/04/20,000000,115.46,116.996,115.31,115.8,850.376
SU26230RMFS1,D,24/04/20,000000,116.088,117.4,115.45,116.86,804.412
SU26230RMFS1,D,27/04/20,000000,117.4,117.4,116.5,116.5,876.854
SU26230RMFS1,D,28/04/20,000000,116.4,116.899,116.052,116.75,374.639
SU26230RMFS1,D,29/04/20,000000,116.75,117.089,116.4,116.697,498.325
SU26230RMFS1,D,30/04/20,000000,116.7,117.097,116.4,116.69,199.393
SU26230RMFS1,D,04/05/20,000000,116.304,117.003,116.216,116.73,5.905
SU26230RMFS1,D,05/05/20,000000,116.995,117,116.535,116.943,3.014
SU26230RMFS1,D,06/05/20,000000,116.998,117,116.204,116.35,850.861
SU26230RMFS1,D,07/05/20,000000,116.49,116.884,116.25,116.25,223.523
SU26230RMFS1,D,08/05/20,000000,116.3,117.57,115.97,117.57,1.305.094
SU26230RMFS1,D,12/05/20,000000,117.799,117.799,117.151,117.35,414.608
SU26230RMFS1,D,13/05/20,000000,117.352,117.601,117.198,117.351,509.668
SU26230RMFS1,D,14/05/20,000000,117.569,118.516,117.2,118.516,378.842
SU26230RMFS1,D,15/05/20,000000,118.514,121.75,118.321,121,1.373.036
SU26230RMFS1,D,18/05/20,000000,122,124,120.71,122.081,1.739.428
SU26230RMFS1,D,19/05/20,000000,122.38,122.381,121.621,122.298,1.106.186
SU26230RMFS1,D,20/05/20,000000,122.577,122.9,122.1,122.25,7.236.518
SU26230RMFS1,D,21/05/20,000000,122.6,122.65,122.25,122.45,6.274.728
SU26230RMFS1,D,22/05/20,000000,122.4,122.4,121.901,122.091,2.485.547
SU26230RMFS1,D,25/05/20,000000,122.31,122.9,121.72,122,195.830
SU26230RMFS1,D,26/05/20,000000,121.93,122.369,121.93,122.15,6.218.731
SU26230RMFS1,D,27/05/20,000000,122,122.346,121.5,122.09,5.788.860
SU26230RMFS1,D,28/05/20,000000,121.966,122,121.35,121.948,1.673.008
SU26230RMFS1,D,29/05/20,000000,122.134,122.134,121.6,121.747,1.756.522
SU26230RMFS1,D,01/06/20,000000,122.15,122.388,121.512,122.049,2.209.307
SU26230RMFS1,D,02/06/20,000000,122.489,122.489,121.681,121.704,538.376
SU26230RMFS1,D,03/06/20,000000,122.089,122.089,121.26,121.35,28.742
SU26230RMFS1,D,04/06/20,000000,121.351,122.347,120.011,120.5,8.814.012
SU26230RMFS1,D,05/06/20,000000,121.997,121.997,119.202,119.498,1.128.943
SU26230RMFS1,D,08/06/20,000000,120.6,120.6,118.65,118.65,333.337
SU26230RMFS1,D,09/06/20,000000,118.979,120.17,118.2,120.17,3.218.697
SU26230RMFS1,D,10/06/20,000000,120.227,120.5,119.6,119.65,919.827
SU26230RMFS1,D,11/06/20,000000,119.878,120.396,119.426,119.7,325.643
SU26230RMFS1,D,15/06/20,000000,119.464,120.191,119,119.672,1.951.487
SU26230RMFS1,D,16/06/20,000000,119.673,120.85,119.6,120.498,419.505
SU26230RMFS1,D,17/06/20,000000,120.59,121.459,120.302,120.599,207.233
SU26230RMFS1,D,18/06/20,000000,121.194,121.194,120.33,120.799,500.353
SU26230RMFS1,D,19/06/20,000000,120.849,121.899,120.661,120.897,3.638.211
SU26230RMFS1,D,22/06/20,000000,120.661,120.9,120.072,120.074,65.022
SU26230RMFS1,D,23/06/20,000000,120.397,120.4,120,120.1,300.907
SU26230RMFS1,D,25/06/20,000000,119.671,120,119.15,119.15,583.165
SU26230RMFS1,D,26/06/20,000000,120.099,120.099,119.12,119.299,204.127
SU26230RMFS1,D,29/06/20,000000,119.417,119.711,119.149,119.151,187.234
SU26230RMFS1,D,30/06/20,000000,119.399,119.4,116.425,117.134,1.324.828
SU26230RMFS1,D,02/07/20,000000,118.695,118.695,117.134,117.751,707.541
SU26230RMFS1,D,03/07/20,000000,117.899,117.9,115.4,115.51,1.860.383
SU26230RMFS1,D,06/07/20,000000,116.997,116.999,115.201,116.001,458.789
SU26230RMFS1,D,07/07/20,000000,116.013,117.25,115.56,116.749,815.150
SU26230RMFS1,D,08/07/20,000000,116.01,117.799,116.01,117.439,254.381
SU26230RMFS1,D,09/07/20,000000,117.399,118.489,117.155,118.1,1.265.611
SU26230RMFS1,D,10/07/20,000000,118.019,118.16,117.716,117.75,36.173
SU26230RMFS1,D,13/07/20,000000,117.999,118.54,117.8,118.499,104.444
SU26230RMFS1,D,14/07/20,000000,118.102,118.599,117.866,118.236,672.823
SU26230RMFS1,D,15/07/20,000000,118.6,118.6,117.211,117.74,247.775
SU26230RMFS1,D,16/07/20,000000,117.354,117.698,117.101,117.698,696.126
SU26230RMFS1,D,17/07/20,000000,118.139,118.139,117.335,117.887,176.855
SU26230RMFS1,D,20/07/20,000000,117.2,118.259,117.2,118.139,651.131
SU26230RMFS1,D,21/07/20,000000,118.387,118.999,118.24,118.9,2.623.531
SU26230RMFS1,D,22/07/20,000000,118.999,118.999,118.682,118.75,148.263
SU26230RMFS1,D,23/07/20,000000,118.995,118.999,118.4,118.601,206.479
SU26230RMFS1,D,24/07/20,000000,118.999,118.999,117.8,118.438,264.759
SU26230RMFS1,D,27/07/20,000000,117.989,118.997,117.501,117.749,166.927
SU26230RMFS1,D,28/07/20,000000,117.4,117.92,117.2,117.49,40.412
SU26230RMFS1,D,29/07/20,000000,117.105,117.697,117.103,117.387,42.755
SU26230RMFS1,D,30/07/20,000000,118.1,118.1,116.3,116.699,369.846
SU26230RMFS1,D,31/07/20,000000,117,117,116.6,116.7,59.015
SU26230RMFS1,D,03/08/20,000000,116.68,117.9,116.5,117.7,593.924
SU26230RMFS1,D,04/08/20,000000,117.01,117.998,117.01,117.749,371.067
SU26230RMFS1,D,05/08/20,000000,117.749,117.999,117.417,117.75,134.356
SU26230RMFS1,D,06/08/20,000000,117.79,117.9,117.1,117.305,56.290
SU26230RMFS1,D,07/08/20,000000,117.002,117.42,116.972,117.272,101.159
SU26230RMFS1,D,10/08/20,000000,117.001,117.494,116.909,117.206,26.993
SU26230RMFS1,D,11/08/20,000000,117.209,117.68,117.2,117.351,252.280
SU26230RMFS1,D,12/08/20,000000,117.11,117.589,116.89,116.999,94.864
SU26230RMFS1,D,13/08/20,000000,117.494,117.494,116.706,116.798,64.257
SU26230RMFS1,D,14/08/20,000000,116.703,116.984,115.8,115.8,867.401
SU26230RMFS1,D,17/08/20,000000,116.999,117.499,113.8,113.99,775.770
SU26230RMFS1,D,18/08/20,000000,114.003,116.955,114,114.994,386.421
SU26230RMFS1,D,19/08/20,000000,114.991,115.51,114.991,115.5,201.260
SU26230RMFS1,D,20/08/20,000000,116.084,116.084,114.753,114.985,306.904
SU26230RMFS1,D,21/08/20,000000,115.469,115.47,113.6,114.353,243.851
SU26230RMFS1,D,24/08/20,000000,114.33,115,114.152,114.371,30.090
SU26230RMFS1,D,25/08/20,000000,114.2,115.29,113.95,114.09,301.679
SU26230RMFS1,D,26/08/20,000000,114.998,114.998,113.401,114,373.680
SU26230RMFS1,D,27/08/20,000000,114.447,115.099,114.106,114.749,194.209
SU26230RMFS1,D,28/08/20,000000,115,115.1,114.634,115,261.350
SU26230RMFS1,D,31/08/20,000000,115.001,115.493,114.999,115.25,23.215
SU26230RMFS1,D,01/09/20,000000,115.5,115.75,115.303,115.743,52.819
SU26230RMFS1,D,02/09/20,000000,115.702,115.9,113.551,114,738.950
SU26230RMFS1,D,03/09/20,000000,114,114.5,113.802,114,198.930
SU26230RMFS1,D,04/09/20,000000,114.286,114.791,113.937,114.45,37.932
SU26230RMFS1,D,07/09/20,000000,114.75,114.75,114.002,114.302,439.121
SU26230RMFS1,D,08/09/20,000000,114.598,114.631,113.6,113.799,270.448
SU26230RMFS1,D,09/09/20,000000,113.796,114.5,113.67,114.5,426.426
SU26230RMFS1,D,10/09/20,000000,114.5,115.15,114.32,114.95,526.212
SU26230RMFS1,D,11/09/20,000000,114.99,115.15,114.15,114.4,204.834
SU26230RMFS1,D,14/09/20,000000,114.39,114.898,114.1,114.448,43.631
SU26230RMFS1,D,15/09/20,000000,114.439,114.689,114.3,114.31,111.519
SU26230RMFS1,D,16/09/20,000000,114.899,114.9,114.105,114.64,16.405
SU26230RMFS1,D,17/09/20,000000,114.78,114.78,114.19,114.5,35.782
SU26230RMFS1,D,18/09/20,000000,114.67,114.897,114.211,114.32,25.839
SU26230RMFS1,D,21/09/20,000000,114.596,114.596,113.6,113.699,919.193
SU26230RMFS1,D,22/09/20,000000,113.998,115.998,113.17,113.67,161.147
SU26230RMFS1,D,23/09/20,000000,113.68,114,113.2,113.58,77.232
SU26230RMFS1,D,24/09/20,000000,113.599,115,112.999,113.299,569.081
SU26230RMFS1,D,25/09/20,000000,113.794,113.794,113.199,113.423,176.604
SU26230RMFS1,D,28/09/20,000000,113.008,113.5,112.802,113.179,124.039
SU26230RMFS1,D,29/09/20,000000,113.395,113.63,112.904,113.5,66.430
SU26230RMFS1,D,30/09/20,000000,113.8,114,113.111,113.9,169.707
SU26230RMFS1,D,01/10/20,000000,113.755,114.7,113.755,114.498,475.427
SU26230RMFS1,D,02/10/20,000000,114.33,114.679,113.9,114.6,128.203
SU26230RMFS1,D,05/10/20,000000,114.4,114.8,114.4,114.6,57.407
SU26230RMFS1,D,06/10/20,000000,114.363,115.099,114.363,115.049,413.543
SU26230RMFS1,D,07/10/20,000000,114.826,115.279,114.701,115.279,220.193
SU26230RMFS1,D,08/10/20,000000,115.279,116.37,115.11,115.901,430.017
SU26230RMFS1,D,09/10/20,000000,115.68,116.499,115.68,116.2,166.729
SU26230RMFS1,D,12/10/20,000000,116.422,116.422,115.756,116.098,38.038
SU26230RMFS1,D,13/10/20,000000,116.099,116.3,115.847,115.95,87.264
SU26230RMFS1,D,14/10/20,000000,116.39,116.39,115.526,115.798,535.844
SU26230RMFS1,D,15/10/20,000000,116.419,116.419,114.998,115.05,524.956
SU26230RMFS1,D,16/10/20,000000,114.98,115.498,114.98,115.25,136.037
SU26230RMFS1,D,19/10/20,000000,115.499,115.845,114.93,115.799,124.123
SU26230RMFS1,D,20/10/20,000000,115.003,115.81,115.003,115.75,187.635
SU26230RMFS1,D,21/10/20,000000,115.799,116.1,115.66,115.803,253.224
SU26230RMFS1,D,22/10/20,000000,116,116.188,115.7,115.78,65.978
SU26230RMFS1,D,23/10/20,000000,115.921,116.1,115.5,115.993,227.843
SU26230RMFS1,D,26/10/20,000000,115.998,115.998,115.601,115.78,4.214
SU26230RMFS1,D,27/10/20,000000,115.622,115.819,115.091,115.321,62.986
SU26230RMFS1,D,28/10/20,000000,115.002,115.429,114.22,114.4,1.561.588
SU26230RMFS1,D,29/10/20,000000,114.4,114.649,113.9,114.349,1.020.879
SU26230RMFS1,D,30/10/20,000000,114.449,114.67,113.7,113.748,383.013
SU26230RMFS1,D,02/11/20,000000,113.513,113.695,112.2,112.599,2.758.317
SU26230RMFS1,D,03/11/20,000000,112.849,113.45,112.6,112.85,1.116.531
SU26230RMFS1,D,05/11/20,000000,113,116.089,113,115.762,2.496.343
SU26230RMFS1,D,06/11/20,000000,115.999,116.521,115.507,116.2,833.525
SU26230RMFS1,D,09/11/20,000000,116.5,117.247,115.756,116.801,2.385.124
SU26230RMFS1,D,10/11/20,000000,117,117,116.201,116.201,289.371
SU26230RMFS1,D,11/11/20,000000,116.299,116.529,115.751,116,2.178.665
SU26230RMFS1,D,12/11/20,000000,116.299,116.3,115.55,116.161,489.909
SU26230RMFS1,D,13/11/20,000000,116.449,116.75,115.9,116.44,963.241
SU26230RMFS1,D,16/11/20,000000,116,116.734,116,116.638,636.767
SU26230RMFS1,D,17/11/20,000000,116.261,116.738,116.141,116.2,1.014.478
SU26230RMFS1,D,18/11/20,000000,116.5,116.5,116.14,116.2,620.356
SU26230RMFS1,D,19/11/20,000000,116.118,116.419,115.899,116.1,1.095.850
SU26230RMFS1,D,20/11/20,000000,115.501,116.5,115.501,116.098,135.490
SU26230RMFS1,D,23/11/20,000000,115.501,116.452,115.501,116.3,644.757
SU26230RMFS1,D,24/11/20,000000,116.48,116.48,116.001,116.4,427.914
SU26230RMFS1,D,25/11/20,000000,116.444,116.579,116.101,116.17,69.448
SU26230RMFS1,D,26/11/20,000000,116.106,116.301,115.859,115.907,52.101
SU26230RMFS1,D,27/11/20,000000,116.141,116.145,115.88,116.04,546.752
SU26230RMFS1,D,30/11/20,000000,115.6,116.13,115.6,115.945,6.573
SU26230RMFS1,D,01/12/20,000000,116.1,116.1,115.9,116.099,645.853
SU26230RMFS1,D,02/12/20,000000,116.145,116.145,115.85,116,496.928
SU26230RMFS1,D,03/12/20,000000,115.75,116.328,115.75,116.05,518.462
SU26230RMFS1,D,04/12/20,000000,115.921,116.379,115.921,116.199,1.473.564
SU26230RMFS1,D,07/12/20,000000,116,116.295,115.76,116.28,70.082
SU26230RMFS1,D,08/12/20,000000,116.438,116.565,116.05,116.236,271.017
SU26230RMFS1,D,09/12/20,000000,116,116.249,115.86,116,1.571.941
SU26230RMFS1,D,10/12/20,000000,116.148,116.494,115.551,115.738,397.895
SU26230RMFS1,D,11/12/20,000000,115.603,115.828,115.504,115.7,151.797
SU26230RMFS1,D,14/12/20,000000,115.568,115.899,115.499,115.5,584.601
SU26230RMFS1,D,15/12/20,000000,115.749,115.749,115.399,115.6,282.464
SU26230RMFS1,D,16/12/20,000000,115.747,115.748,115.3,115.739,359.190
SU26230RMFS1,D,17/12/20,000000,115.601,116.04,115.601,115.8,25.242
SU26230RMFS1,D,18/12/20,000000,115.97,116,115.291,115.41,21.432
SU26230RMFS1,D,21/12/20,000000,115.25,115.49,114.3,114.459,275.361
SU26230RMFS1,D,22/12/20,000000,114.5,114.523,114.2,114.36,948.621
SU26230RMFS1,D,23/12/20,000000,115.1,115.1,114.2,114.399,83.329
SU26230RMFS1,D,24/12/20,000000,114.201,114.63,114.201,114.39,11.439
SU26230RMFS1,D,25/12/20,000000,114.202,114.5,114.15,114.2,171.286
SU26230RMFS1,D,28/12/20,000000,114.365,114.365,114.099,114.102,320.107
SU26230RMFS1,D,29/12/20,000000,114.102,114.5,114.101,114.26,227.626
SU26230RMFS1,D,30/12/20,000000,114.295,114.439,114.2,114.3,35.371
SU26230RMFS1,D,04/01/21,000000,114.44,114.898,114.303,114.898,25.928
SU26230RMFS1,D,05/01/21,000000,114.749,114.99,114.7,114.95,4.941
SU26230RMFS1,D,06/01/21,000000,114.999,115.5,114.68,114.947,42.169
SU26230RMFS1,D,08/01/21,000000,115,115.752,114.425,114.5,68.738
SU26230RMFS1,D,11/01/21,000000,114.947,114.947,113.29,113.39,492.434
SU26230RMFS1,D,12/01/21,000000,113.74,113.74,113.302,113.571,385.557
SU26230RMFS1,D,13/01/21,000000,113.74,113.74,112.94,113.08,89.080
SU26230RMFS1,D,14/01/21,000000,113.599,113.599,112.601,112.65,856.268
SU26230RMFS1,D,15/01/21,000000,112.67,112.868,111.57,111.8,1.227.126
SU26230RMFS1,D,18/01/21,000000,111.999,112.3,111.547,111.729,180.867
SU26230RMFS1,D,19/01/21,000000,111.7,112.25,111.55,112.1,193.200
SU26230RMFS1,D,20/01/21,000000,112.249,112.6,112.05,112.198,67.019
SU26230RMFS1,D,21/01/21,000000,112.5,112.6,111.45,111.65,328.776
SU26230RMFS1,D,22/01/21,000000,112,112.5,110.231,110.25,2.847.517
SU26230RMFS1,D,25/01/21,000000,110.4,111.249,110.4,110.5,564.855
SU26230RMFS1,D,26/01/21,000000,110.75,111.119,110.231,111.119,372.378
SU26230RMFS1,D,27/01/21,000000,111.25,111.634,110.3,110.65,965.578
SU26230RMFS1,D,28/01/21,000000,110.7,110.889,110.123,110.699,852.904
SU26230RMFS1,D,29/01/21,000000,111,111,110.304,110.6,238.850
SU26230RMFS1,D,01/02/21,000000,111,111.1,110.502,110.976,76.952
SU26230RMFS1,D,02/02/21,000000,110.703,111.5,110.39,110.48,629.682
SU26230RMFS1,D,03/02/21,000000,110.998,110.998,109.45,109.947,2.854.670
SU26230RMFS1,D,04/02/21,000000,110.1,110.598,110,110.001,1.402.415
SU26230RMFS1,D,05/02/21,000000,110.497,111.239,110.255,111.199,833.466
SU26230RMFS1,D,08/02/21,000000,111,111.7,110.999,111.102,1.744.107
SU26230RMFS1,D,09/02/21,000000,111.5,111.748,110.25,110.302,1.008.007
SU26230RMFS1,D,10/02/21,000000,110.5,110.75,109.8,110.108,592.949
SU26230RMFS1,D,11/02/21,000000,110.498,110.498,109.218,109.4,1.234.745
SU26230RMFS1,D,12/02/21,000000,109.371,110.098,108.5,108.56,1.083.794
SU26230RMFS1,D,15/02/21,000000,109,109.3,108.03,108.099,341.657
SU26230RMFS1,D,16/02/21,000000,108.499,109.4,107.35,107.659,2.000.792
SU26230RMFS1,D,17/02/21,000000,107.36,108.747,107.25,108.249,2.825.973
SU26230RMFS1,D,18/02/21,000000,108.897,108.899,107.9,108.139,1.111.844
SU26230RMFS1,D,19/02/21,000000,108.688,108.689,107.439,107.697,505.679
SU26230RMFS1,D,20/02/21,000000,107.846,107.88,107.438,107.87,27.268
SU26230RMFS1,D,22/02/21,000000,107.75,108.077,107.353,107.49,50.224
SU26230RMFS1,D,24/02/21,000000,108.039,108.279,107.351,107.898,881.139
SU26230RMFS1,D,25/02/21,000000,108.3,108.3,107.255,107.399,97.812
SU26230RMFS1,D,26/02/21,000000,107.907,107.908,106.81,107.05,726.096
SU26230RMFS1,D,01/03/21,000000,107.148,108.505,106.811,107.56,75.228
SU26230RMFS1,D,02/03/21,000000,108.244,108.55,107.2,108.4,777.731
SU26230RMFS1,D,03/03/21,000000,108.598,109.405,108.401,109.2,1.536.509
SU26230RMFS1,D,04/03/21,000000,109.19,110.25,109.19,109.9,1.301.353
SU26230RMFS1,D,05/03/21,000000,109.19,109.5,108.4,108.883,946.157
SU26230RMFS1,D,09/03/21,000000,109.489,109.5,108.321,108.579,1.061.128
SU26230RMFS1,D,10/03/21,000000,109.296,109.296,108,108.345,676.863
SU26230RMFS1,D,11/03/21,000000,108.407,108.5,107.551,108.099,1.023.802
SU26230RMFS1,D,12/03/21,000000,108.2,108.301,107.508,107.88,294.195
SU26230RMFS1,D,15/03/21,000000,107.88,108.387,107.401,107.401,661.668
SU26230RMFS1,D,16/03/21,000000,107.878,107.88,107.303,107.51,676.322
SU26230RMFS1,D,17/03/21,000000,109.1,109.1,107,107.098,1.436.673
SU26230RMFS1,D,18/03/21,000000,107.099,107.5,106.3,106.3,2.353.058
SU26230RMFS1,D,19/03/21,000000,106.42,106.698,105.803,106,197.480
SU26230RMFS1,D,22/03/21,000000,106.245,106.245,105.366,105.4,323.393
SU26230RMFS1,D,23/03/21,000000,105.787,105.787,103.892,104.5,1.410.741
SU26230RMFS1,D,24/03/21,000000,104.936,105.755,104.5,105.099,1.850.344
SU26230RMFS1,D,25/03/21,000000,105.599,106.3,104.853,105.665,1.046.087
SU26230RMFS1,D,26/03/21,000000,105.78,106.75,105.779,106.748,1.629.028
SU26230RMFS1,D,29/03/21,000000,106.9,107.403,106.471,106.751,51.227
SU26230RMFS1,D,30/03/21,000000,106.661,106.91,105.6,105.88,1.112.184
SU26230RMFS1,D,31/03/21,000000,105.609,106.5,105.608,106.304,1.158.753
SU26230RMFS1,D,01/04/21,000000,106.902,106.902,105.752,105.85,598.048
SU26230RMFS1,D,02/04/21,000000,106.386,106.387,105.851,105.9,87.276
SU26230RMFS1,D,05/04/21,000000,106.385,106.385,105.81,105.817,53.143
SU26230RMFS1,D,06/04/21,000000,105.9,106.15,104.801,104.992,1.212.101
SU26230RMFS1,D,07/04/21,000000,105.299,105.299,104,104.569,883.537
SU26230RMFS1,D,08/04/21,000000,104.567,104.76,104.31,104.401,515.601
SU26230RMFS1,D,09/04/21,000000,104.729,104.729,103.85,104.162,878.114
SU26230RMFS1,D,12/04/21,000000,104.002,104.7,104,104.498,308.627
SU26230RMFS1,D,13/04/21,000000,104.284,105,104.222,105,984.591
SU26230RMFS1,D,14/04/21,000000,105.245,106.503,105.245,106.5,3.024.380
SU26230RMFS1,D,15/04/21,000000,104.155,106.299,103.85,105.999,2.191.631
SU26230RMFS1,D,16/04/21,000000,106.086,107.5,105.801,106.972,1.086.942
SU26230RMFS1,D,19/04/21,000000,107.367,107.367,105.852,106.17,311.690
SU26230RMFS1,D,20/04/21,000000,106.037,106.698,105.506,106.101,300.592
SU26230RMFS1,D,21/04/21,000000,105.97,106.49,105.933,106.3,660.185
SU26230RMFS1,D,22/04/21,000000,106.489,107.3,106.001,107.054,1.408.169
SU26230RMFS1,D,23/04/21,000000,106.731,107.405,106.349,107,600.293
SU26230RMFS1,D,26/04/21,000000,107.499,107.499,106.818,107.071,198.261
SU26230RMFS1,D,27/04/21,000000,106.701,107.45,106.487,106.586,481.732
SU26230RMFS1,D,28/04/21,000000,106.994,106.994,106.101,106.349,836.353
SU26230RMFS1,D,29/04/21,000000,106.55,106.695,106.05,106.12,756.179
SU26230RMFS1,D,30/04/21,000000,106.067,106.3,105.714,106.002,68.226
SU26230RMFS1,D,04/05/21,000000,106.7,106.7,105.96,106.314,95.559
SU26230RMFS1,D,05/05/21,000000,106.665,106.665,106.231,106.592,36.678
SU26230RMFS1,D,06/05/21,000000,106.503,106.77,106.401,106.648,4.994
SU26230RMFS1,D,07/05/21,000000,106.75,106.75,106.102,106.424,105.105
SU26230RMFS1,D,10/05/21,000000,106.9,106.9,105.901,106.644,12.528
SU26230RMFS1,D,11/05/21,000000,106.5,106.649,106,106.068,965.781
SU26230RMFS1,D,12/05/21,000000,106.643,106.643,105.401,105.499,1.101.531
SU26230RMFS1,D,13/05/21,000000,106.238,106.238,104.751,105.2,338.549
SU26230RMFS1,D,14/05/21,000000,105.7,105.895,104.914,105.7,14.712
SU26230RMFS1,D,17/05/21,000000,105.503,106.179,105.482,105.599,33.257
SU26230RMFS1,D,18/05/21,000000,105.599,105.739,105.171,105.499,538.633
SU26230RMFS1,D,19/05/21,000000,105.003,105.48,105.002,105.35,1.665.924
SU26230RMFS1,D,20/05/21,000000,105.48,105.89,105.1,105.7,121.570
SU26230RMFS1,D,21/05/21,000000,105.316,105.888,105.316,105.748,8.363
SU26230RMFS1,D,24/05/21,000000,105.616,105.718,105.541,105.55,62.815
SU26230RMFS1,D,25/05/21,000000,105.688,105.688,105.323,105.45,16.777
SU26230RMFS1,D,26/05/21,000000,105.499,105.9,105.4,105.844,227.950
SU26230RMFS1,D,27/05/21,000000,105.844,105.938,105.454,105.882,42.541
SU26230RMFS1,D,28/05/21,000000,105.883,106.089,105.501,105.735,20.298
SU26230RMFS1,D,31/05/21,000000,105.83,105.83,105.374,105.629,31.441
SU26230RMFS1,D,01/06/21,000000,105.83,106.168,105.37,105.552,112.978
SU26230RMFS1,D,02/06/21,000000,105.404,105.77,105.4,105.507,210.618
SU26230RMFS1,D,03/06/21,000000,105.379,105.885,105.303,105.498,92.299
SU26230RMFS1,D,04/06/21,000000,105.788,105.788,105.101,105.429,197.432
SU26230RMFS1,D,07/06/21,000000,105.173,105.495,104.9,105.021,806.578
SU26230RMFS1,D,08/06/21,000000,105.459,105.459,104.26,104.45,218.912
SU26230RMFS1,D,09/06/21,000000,104.627,104.839,104.04,104.699,1.070.117
SU26230RMFS1,D,10/06/21,000000,104.706,105.2,104.037,105.1,1.114.677
SU26230RMFS1,D,11/06/21,000000,104.501,106.001,104.499,105.799,497.611
SU26230RMFS1,D,14/06/21,000000,105.9,105.94,105.602,105.818,3.656
SU26230RMFS1,D,15/06/21,000000,105.905,105.937,105.097,105.249,24.747
SU26230RMFS1,D,16/06/21,000000,105.459,105.604,105.05,105.499,494.059
SU26230RMFS1,D,17/06/21,000000,105.605,106.2,105.005,105.924,951.054
SU26230RMFS1,D,18/06/21,000000,106.205,106.696,105.61,106.404,1.043.095
SU26230RMFS1,D,21/06/21,000000,106.698,106.698,106.059,106.311,125.401
SU26230RMFS1,D,22/06/21,000000,106.103,106.494,105.952,105.953,49.210
SU26230RMFS1,D,23/06/21,000000,105.951,106.373,105.832,106.137,179.165
SU26230RMFS1,D,24/06/21,000000,105.953,106.9,105.953,106.51,225.311
SU26230RMFS1,D,25/06/21,000000,106.843,106.843,106.255,106.3,233.090
SU26230RMFS1,D,28/06/21,000000,106.903,106.903,105.952,106,316.377
SU26230RMFS1,D,29/06/21,000000,105.953,106.1,105.45,105.651,228.267
SU26230RMFS1,D,30/06/21,000000,105.67,106.005,105.351,105.85,652.628
SU26230RMFS1,D,01/07/21,000000,106.055,106.504,105.6,105.849,764.735
SU26230RMFS1,D,02/07/21,000000,105.603,105.988,105.502,105.765,13.420
SU26230RMFS1,D,05/07/21,000000,105.676,106.089,105.584,105.79,122.007
SU26230RMFS1,D,06/07/21,000000,105.503,106.085,105.503,105.622,90.781
SU26230RMFS1,D,07/07/21,000000,105.879,105.879,105.4,105.4,1.245.051
SU26230RMFS1,D,08/07/21,000000,105.351,105.498,105.111,105.252,95.022
SU26230RMFS1,D,09/07/21,000000,105.251,105.746,105.25,105.45,64.285
SU26230RMFS1,D,12/07/21,000000,105.25,105.544,105.1,105.3,176.630
SU26230RMFS1,D,13/07/21,000000,105.547,105.547,105.05,105.211,852.118
SU26230RMFS1,D,14/07/21,000000,105.4,105.4,105.101,105.21,696.126
SU26230RMFS1,D,15/07/21,000000,105.22,105.54,105.07,105.29,72.250
SU26230RMFS1,D,16/07/21,000000,105.392,105.393,105.002,105.053,147.907
SU26230RMFS1,D,19/07/21,000000,105.393,105.393,104.802,104.999,27.934
SU26230RMFS1,D,20/07/21,000000,104.969,105.39,104.802,105.252,241.396
SU26230RMFS1,D,21/07/21,000000,105.202,106.045,104.7,105.82,68.386
SU26230RMFS1,D,22/07/21,000000,105.501,107,105.501,106.812,803.409
SU26230RMFS1,D,23/07/21,000000,107.005,107.3,106.354,107.01,2.424.143
SU26230RMFS1,D,26/07/21,000000,106.503,107.35,106.503,107.34,287.932
SU26230RMFS1,D,27/07/21,000000,107.01,107.589,106.525,107.36,44.206
SU26230RMFS1,D,28/07/21,000000,107.454,107.9,107.191,107.452,227.675
SU26230RMFS1,D,29/07/21,000000,107.589,107.94,107.512,107.551,490.619
SU26230RMFS1,D,30/07/21,000000,107.1,108.032,107.041,107.81,242.541
SU26230RMFS1,D,02/08/21,000000,108.032,108.054,107.1,107.328,472.513
SU26230RMFS1,D,03/08/21,000000,107.498,107.797,107.011,107.1,2.334.295
SU26230RMFS1,D,04/08/21,000000,107.268,107.27,106.951,106.953,1.362.250
SU26230RMFS1,D,05/08/21,000000,106.902,107.297,106.703,106.979,273.420
SU26230RMFS1,D,06/08/21,000000,106.98,107.294,106.85,106.85,135.286
SU26230RMFS1,D,09/08/21,000000,106.87,106.87,106.101,106.5,191.825
SU26230RMFS1,D,10/08/21,000000,106.5,106.548,106.202,106.251,183.985
SU26230RMFS1,D,11/08/21,000000,106.347,106.498,105.861,106.189,223.596
SU26230RMFS1,D,12/08/21,000000,106.221,106.491,106.001,106.011,34.528
SU26230RMFS1,D,13/08/21,000000,106.18,106.29,106.003,106.113,19.428
SU26230RMFS1,D,16/08/21,000000,106.11,106.797,106.107,106.65,1.392.121
SU26230RMFS1,D,17/08/21,000000,106.65,106.898,106.156,106.501,403.229
SU26230RMFS1,D,18/08/21,000000,106.501,106.896,106.33,106.45,1.349.428
SU26230RMFS1,D,19/08/21,000000,106.9,106.9,105.857,105.901,574.100
SU26230RMFS1,D,20/08/21,000000,106.371,106.371,105.8,105.924,51.928
SU26230RMFS1,D,23/08/21,000000,105.814,106.199,105.75,105.762,69.384
SU26230RMFS1,D,24/08/21,000000,105.753,106.692,105.651,105.754,103.049
SU26230RMFS1,D,25/08/21,000000,105.756,105.89,105.352,105.501,983.827
SU26230RMFS1,D,26/08/21,000000,106.048,106.049,105.118,105.2,42.529
SU26230RMFS1,D,27/08/21,000000,105.185,105.838,105.1,105.838,7.180
SU26230RMFS1,D,30/08/21,000000,106.048,106.048,105.452,105.506,14.906
SU26230RMFS1,D,31/08/21,000000,105.505,105.9,105.505,105.528,32.071
SU26230RMFS1,D,01/09/21,000000,106.045,106.045,105.53,105.749,1.048.218
SU26230RMFS1,D,02/09/21,000000,105.694,106.024,105.2,105.47,410.626
SU26230RMFS1,D,03/09/21,000000,105.544,105.74,105.206,105.552,13.490
SU26230RMFS1,D,06/09/21,000000,105.664,106.005,105.432,105.439,24.057
SU26230RMFS1,D,07/09/21,000000,105.429,105.449,105.2,105.264,25.404
SU26230RMFS1,D,08/09/21,000000,105.676,105.754,105.061,105.168,331.317
SU26230RMFS1,D,09/09/21,000000,105.386,105.4,105.1,105.268,827.974
SU26230RMFS1,D,10/09/21,000000,105.667,105.667,105.1,105.428,1.933.104
SU26230RMFS1,D,13/09/21,000000,105.548,105.65,105.117,105.601,42.553
SU26230RMFS1,D,14/09/21,000000,105.629,105.63,105.102,105.106,264.429
SU26230RMFS1,D,15/09/21,000000,105.116,105.298,105,105.054,649.635
SU26230RMFS1,D,16/09/21,000000,105.168,105.432,105.05,105.053,530.607
SU26230RMFS1,D,17/09/21,000000,105.005,105.187,104.774,104.95,933.767
SU26230RMFS1,D,20/09/21,000000,105.146,105.146,104,104.138,393.216
SU26230RMFS1,D,21/09/21,000000,104.012,104.759,104.012,104.496,58.075
SU26230RMFS1,D,22/09/21,000000,105.046,105.046,104.103,104.499,48.554
SU26230RMFS1,D,23/09/21,000000,104.299,104.299,103.7,103.799,585.268
SU26230RMFS1,D,24/09/21,000000,103.788,103.948,102.876,103.196,765.586
SU26230RMFS1,D,27/09/21,000000,103.574,103.575,102.75,103.249,111.750
SU26230RMFS1,D,28/09/21,000000,103.498,103.6,102.802,103.349,103.009
SU26230RMFS1,D,29/09/21,000000,103.498,103.575,102.896,102.897,37.592
SU26230RMFS1,D,30/09/21,000000,103,103.449,102.865,103.299,169.761
SU26230RMFS1,D,01/10/21,000000,103.993,103.993,102.2,102.915,189.974
SU26230RMFS1,D,04/10/21,000000,102.4,103.7,101.812,101.913,196.768
SU26230RMFS1,D,05/10/21,000000,102.101,102.101,100.71,101.103,1.543.266
SU26230RMFS1,D,06/10/21,000000,101.103,101.674,100.127,101.035,454.572
SU26230RMFS1,D,07/10/21,000000,101.101,102.048,100.653,102.048,1.119.357
SU26230RMFS1,D,08/10/21,000000,101.657,102.493,101.57,102.423,838.162
SU26230RMFS1,D,11/10/21,000000,102.496,102.497,101.902,101.902,82.285
SU26230RMFS1,D,12/10/21,000000,101.905,101.999,99.376,101.318,173.485
SU26230RMFS1,D,13/10/21,000000,101.498,102.493,101.316,102.493,52.887
SU26230RMFS1,D,14/10/21,000000,101.665,102.65,101.665,102.64,398.169
SU26230RMFS1,D,15/10/21,000000,101.903,102.839,101.658,102.298,291.937
SU26230RMFS1,D,18/10/21,000000,102.298,102.497,101.322,101.73,240.023
SU26230RMFS1,D,19/10/21,000000,101.508,102.024,101.5,101.7,441.352
SU26230RMFS1,D,20/10/21,000000,101.798,101.828,101.202,101.604,95.742
SU26230RMFS1,D,21/10/21,000000,101.209,101.664,100.651,100.805,114.966
SU26230RMFS1,D,22/10/21,000000,101.481,101.481,99.444,100.038,398.516
SU26230RMFS1,D,25/10/21,000000,99.524,100.048,98.502,98.827,295.193
SU26230RMFS1,D,26/10/21,000000,98.824,98.825,97.5,98.621,872.180
SU26230RMFS1,D,27/10/21,000000,98.995,99.079,98.229,98.5,204.627
SU26230RMFS1,D,28/10/21,000000,98.403,98.747,97.11,97.564,258.711
SU26230RMFS1,D,29/10/21,000000,97.377,98.239,97.162,97.403,316.752
SU26230RMFS1,D,01/11/21,000000,98.235,98.396,96.05,96.275,1.257.015
SU26230RMFS1,D,02/11/21,000000,96.275,97.38,95.803,96.355,582.125
SU26230RMFS1,D,03/11/21,000000,96.709,96.97,96.002,96.59,45.790
SU26230RMFS1,D,05/11/21,000000,96.96,96.965,96.38,96.505,18.356
SU26230RMFS1,D,08/11/21,000000,96.365,97.58,96.365,97.499,57.194
SU26230RMFS1,D,09/11/21,000000,97.237,98.5,97.235,98.398,105.916
SU26230RMFS1,D,10/11/21,000000,98.123,99.349,98.123,99.136,1.154.249
SU26230RMFS1,D,11/11/21,000000,99.3,99.3,98.32,98.67,616.264
SU26230RMFS1,D,12/11/21,000000,98.678,99.269,96.55,97.635,532.140
SU26230RMFS1,D,15/11/21,000000,97.999,98.25,97.001,97.102,87.289
SU26230RMFS1,D,16/11/21,000000,97.183,97.398,96.5,96.752,1.068.255
SU26230RMFS1,D,17/11/21,000000,97.991,97.992,96.516,97.229,123.765
SU26230RMFS1,D,18/11/21,000000,97.005,97.384,96.203,96.643,183.901
SU26230RMFS1,D,19/11/21,000000,96.787,97,96.003,96.313,779.009
SU26230RMFS1,D,22/11/21,000000,96.317,96.327,94.34,94.547,260.754
SU26230RMFS1,D,23/11/21,000000,94.313,95.321,94,95.32,293.610
SU26230RMFS1,D,24/11/21,000000,94.356,95.5,94.063,95.332,157.455
SU26230RMFS1,D,25/11/21,000000,95.994,96.051,95.002,95.921,319.608
SU26230RMFS1,D,26/11/21,000000,96,96.21,94.75,95.742,83.033
SU26230RMFS1,D,29/11/21,000000,96.445,96.85,95.201,96.247,211.345
SU26230RMFS1,D,30/11/21,000000,96.503,96.601,95.76,96.265,481.604
SU26230RMFS1,D,01/12/21,000000,96.198,96.325,95,95.24,767.008
SU26230RMFS1,D,02/12/21,000000,95.24,96.199,94.64,95.685,1.376.762
SU26230RMFS1,D,03/12/21,000000,95.8,95.922,94.95,95.438,90.744
SU26230RMFS1,D,06/12/21,000000,95.438,95.567,94.43,94.729,439.884
SU26230RMFS1,D,07/12/21,000000,94.749,94.9,93.953,94.71,89.068
SU26230RMFS1,D,08/12/21,000000,94.9,94.979,93.731,94.489,89.211
SU26230RMFS1,D,09/12/21,000000,94.124,94.916,94.124,94.9,553.733
SU26230RMFS1,D,10/12/21,000000,94.9,94.979,94.368,94.579,894.559
SU26230RMFS1,D,13/12/21,000000,94.968,94.979,93.976,93.98,113.575
SU26230RMFS1,D,14/12/21,000000,93.9,94.489,93.502,93.8,482.409
SU26230RMFS1,D,15/12/21,000000,94.286,94.689,93.802,94.59,726.339
SU26230RMFS1,D,16/12/21,000000,94.018,95.358,94,94.665,254.338
SU26230RMFS1,D,17/12/21,000000,94.898,95.739,94.599,95.263,365.093
SU26230RMFS1,D,20/12/21,000000,94.851,95.998,94.85,95.429,964.993
SU26230RMFS1,D,21/12/21,000000,95.799,95.99,94.725,94.936,547.708
SU26230RMFS1,D,22/12/21,000000,94.728,95.484,94.728,95.099,1.895.312
SU26230RMFS1,D,23/12/21,000000,95.414,95.414,94.615,94.94,641.447
SU26230RMFS1,D,24/12/21,000000,95.197,95.197,94.67,95.047,139.153
SU26230RMFS1,D,27/12/21,000000,95.2,95.273,94.85,94.95,274.261
SU26230RMFS1,D,28/12/21,000000,94.852,95.157,94.806,95,211.536
SU26230RMFS1,D,29/12/21,000000,95.001,95.146,94.737,94.901,125.357
SU26230RMFS1,D,30/12/21,000000,95.077,95.315,94.851,95.281,42.690
SU26230RMFS1,D,03/01/22,000000,95.435,95.95,95.103,95.5,62.842
SU26230RMFS1,D,04/01/22,000000,95.62,95.776,95.161,95.4,45.210
SU26230RMFS1,D,05/01/22,000000,95.645,95.652,94,95.159,71.809
SU26230RMFS1,D,06/01/22,000000,95.002,95.145,94.466,94.844,23.397
SU26230RMFS1,D,10/01/22,000000,94.846,95.066,94.175,94.255,118.822
SU26230RMFS1,D,11/01/22,000000,94.263,94.45,93.299,93.5,1.826.647
SU26230RMFS1,D,12/01/22,000000,93.795,93.795,93,93.1,539.317
SU26230RMFS1,D,13/01/22,000000,93.051,93.051,90.64,90.81,488.728
SU26230RMFS1,D,14/01/22,000000,91.187,91.298,87.5,89.385,1.051.855
SU26230RMFS1,D,17/01/22,000000,89.879,89.879,87.264,87.9,460.642
SU26230RMFS1,D,18/01/22,000000,88.005,88.499,87.001,88.18,157.003
SU26230RMFS1,D,19/01/22,000000,88.968,89.9,87.763,89.649,170.581
SU26230RMFS1,D,20/01/22,000000,89.897,89.9,88.05,88.7,105.172
SU26230RMFS1,D,21/01/22,000000,89.619,89.619,88.055,88.494,703.197
SU26230RMFS1,D,24/01/22,000000,88.495,88.495,85.4,85.95,2.293.228
SU26230RMFS1,D,25/01/22,000000,86.965,86.965,85.3,85.998,2.422.007
SU26230RMFS1,D,26/01/22,000000,86.374,86.375,85.185,85.473,8.293.224
SU26230RMFS1,D,27/01/22,000000,86.247,87.997,85.473,87.41,1.716.653
SU26230RMFS1,D,28/01/22,000000,87.984,87.984,87.008,87.472,2.641.455
SU26230RMFS1,D,31/01/22,000000,87.905,87.997,87.472,87.7,141.320
SU26230RMFS1,D,01/02/22,000000,87.472,88.477,87.472,88.011,141.117
SU26230RMFS1,D,02/02/22,000000,88.208,88.899,87.904,88.4,400.212
SU26230RMFS1,D,03/02/22,000000,88.955,88.989,87.773,88.079,22.166
SU26230RMFS1,D,04/02/22,000000,87.759,88.993,87.759,88.312,47.139
SU26230RMFS1,D,07/02/22,000000,88.569,88.569,87.598,87.9,23.073
SU26230RMFS1,D,08/02/22,000000,87.507,88.556,87.505,87.969,22.342
SU26230RMFS1,D,09/02/22,000000,87.968,88.398,87.731,88.146,98.769
SU26230RMFS1,D,10/02/22,000000,88.349,88.596,87.489,87.5,102.420
SU26230RMFS1,D,11/02/22,000000,88.144,88.144,84.601,84.901,668.241
SU26230RMFS1,D,14/02/22,000000,85.001,85.99,82.7,83.922,484.583
SU26230RMFS1,D,15/02/22,000000,84.394,85.465,83.896,85.223,449.625
SU26230RMFS1,D,16/02/22,000000,85.003,86.248,85.003,86.15,298.268
SU26230RMFS1,D,17/02/22,000000,85.99,86.088,84.802,85.2,205.833
SU26230RMFS1,D,18/02/22,000000,85.45,85.789,84.513,84.701,351.403
SU26230RMFS1,D,21/02/22,000000,85.469,85.75,79.373,80.058,2.135.130
SU26230RMFS1,D,22/02/22,000000,79.301,81.183,76.75,78.717,314.853
SU26230RMFS1,D,24/02/22,000000,76,76.05,66.82,66.82,78.575
SU26230RMFS1,D,25/02/22,000000,66,72.398,65.1,70.965,1.196.916
SU26230RMFS1,D,21/03/22,000000,58.99,64,49.11,62.5,771.219
SU26230RMFS1,D,22/03/22,000000,64.59,66.35,63.2,65.661,352.236
SU26230RMFS1,D,23/03/22,000000,66.044,66.109,62.715,63.9,254.358
SU26230RMFS1,D,24/03/22,000000,62.596,64.994,62,64.629,78.379
SU26230RMFS1,D,25/03/22,000000,65.498,66.5,64.087,64.768,126.855
SU26230RMFS1,D,28/03/22,000000,64.769,64.899,63.847,64.541,269.968
SU26230RMFS1,D,29/03/22,000000,64.541,68.5,64.3,68.09,217.857
SU26230RMFS1,D,30/03/22,000000,68.468,73.074,67.829,72.449,217.526
SU26230RMFS1,D,31/03/22,000000,73.497,73.548,71.312,73.548,866.474
SU26230RMFS1,D,01/04/22,000000,73.54,73.846,72.81,73,351.866
SU26230RMFS1,D,04/04/22,000000,73.99,73.998,71,71.599,203.635
SU26230RMFS1,D,05/04/22,000000,71.988,74,71,71.59,220.246
SU26230RMFS1,D,06/04/22,000000,71.051,71.74,70.041,70.415,107.629
SU26230RMFS1,D,07/04/22,000000,70.557,74,70.557,72.349,237.005
SU26230RMFS1,D,08/04/22,000000,72.768,77.75,72.007,77.75,341.330
SU26230RMFS1,D,11/04/22,000000,77.99,78.999,76,78.5,492.119
SU26230RMFS1,D,12/04/22,000000,78.4,78.998,77.549,78.412,160.198
SU26230RMFS1,D,13/04/22,000000,78.002,80,77.801,79.894,149.223
SU26230RMFS1,D,14/04/22,000000,80.999,80.999,78.855,79.001,548.497
SU26230RMFS1,D,15/04/22,000000,79.002,79.696,77.05,78.945,387.147
SU26230RMFS1,D,18/04/22,000000,79.3,80,78.675,79.999,584.434
SU26230RMFS1,D,19/04/22,000000,80.999,82.5,79.101,82.11,628.848
SU26230RMFS1,D,20/04/22,000000,82.388,83.9,82.012,83.05,1.302.679
SU26230RMFS1,D,21/04/22,000000,83.401,84.659,83.401,84.26,742.091
SU26230RMFS1,D,22/04/22,000000,84.801,84.801,83.201,83.448,241.716
SU26230RMFS1,D,25/04/22,000000,83.501,84.499,81.86,82.5,742.715
SU26230RMFS1,D,26/04/22,000000,84.3,84.3,81.5,82.514,678.996
SU26230RMFS1,D,27/04/22,000000,83.5,83.75,82.401,83.18,745.911
SU26230RMFS1,D,28/04/22,000000,83.19,83.483,82.7,83.199,272.141
SU26230RMFS1,D,29/04/22,000000,83.318,84.849,82.683,83,753.096
SU26230RMFS1,D,04/05/22,000000,83,83.43,82,82.305,574.803
SU26230RMFS1,D,05/05/22,000000,82.309,83.5,82.01,82.02,731.407
SU26230RMFS1,D,06/05/22,000000,82.9,82.901,81.8,82.11,21.376
SU26230RMFS1,D,11/05/22,000000,82,82.286,81.72,81.788,59.538
SU26230RMFS1,D,12/05/22,000000,81.795,82.281,81.6,81.795,63.236
SU26230RMFS1,D,13/05/22,000000,81.81,82.257,81.5,81.794,141.278
SU26230RMFS1,D,16/05/22,000000,82.114,82.114,81.403,81.899,296.021
SU26230RMFS1,D,17/05/22,000000,81.801,81.9,81.4,81.403,366.375
SU26230RMFS1,D,18/05/22,000000,81.411,81.778,81.4,81.65,59.143
SU26230RMFS1,D,19/05/22,000000,82,82.6,81.251,82.385,157.589
SU26230RMFS1,D,20/05/22,000000,82.79,82.949,82.386,82.647,189.529
SU26230RMFS1,D,23/05/22,000000,82.647,82.778,81.509,82.778,55.172
SU26230RMFS1,D,24/05/22,000000,82.777,83.002,82.116,82.997,371.539
SU26230RMFS1,D,25/05/22,000000,82.95,87,82.854,86.948,300.087
SU26230RMFS1,D,26/05/22,000000,86.95,88.899,86.948,88.355,706.192
SU26230RMFS1,D,27/05/22,000000,88.499,88.499,87.197,87.52,101.563
SU26230RMFS1,D,30/05/22,000000,87.52,87.705,86.6,86.617,33.950
SU26230RMFS1,D,31/05/22,000000,86.803,87.915,86.602,87.242,123.470
SU26230RMFS1,D,01/06/22,000000,88.089,88.972,87.276,88.847,260.898
SU26230RMFS1,D,02/06/22,000000,88.898,89.876,88.523,89.4,238.046
SU26230RMFS1,D,03/06/22,000000,89.98,89.98,89.406,89.774,113.992
SU26230RMFS1,D,06/06/22,000000,89.769,90.21,89.601,90.186,317.144
SU26230RMFS1,D,07/06/22,000000,90.1,90.3,89.943,90.249,889.464
SU26230RMFS1,D,08/06/22,000000,90.249,90.4,89.684,90,56.233
SU26230RMFS1,D,09/06/22,000000,90.048,90.51,90.047,90.25,161.559
SU26230RMFS1,D,10/06/22,000000,90.595,91,89.5,89.58,395.634
SU26230RMFS1,D,14/06/22,000000,89.59,89.957,89,89.04,244.203
SU26230RMFS1,D,15/06/22,000000,88.9,90.248,88.811,89.459,25.379
SU26230RMFS1,D,16/06/22,000000,90.114,90.508,89.106,90.444,307.803
SU26230RMFS1,D,17/06/22,000000,90.444,90.81,90.071,90.7,854.697
SU26230RMFS1,D,20/06/22,000000,90.709,90.995,90.7,90.8,395.275
SU26230RMFS1,D,21/06/22,000000,90.997,91.069,90.5,91.049,692.311
SU26230RMFS1,D,22/06/22,000000,91.049,91.15,90.711,91.09,20.817
SU26230RMFS1,D,23/06/22,000000,90.705,91.81,90.705,91.55,86.490
SU26230RMFS1,D,24/06/22,000000,91.809,91.998,91.552,91.998,27.130
SU26230RMFS1,D,27/06/22,000000,91.9,92.601,91.9,92.329,640.501
SU26230RMFS1,D,28/06/22,000000,92.479,92.68,92.001,92.456,1.579.527
SU26230RMFS1,D,29/06/22,000000,92.548,92.7,92.25,92.486,1.097.205
SU26230RMFS1,D,30/06/22,000000,92.586,92.599,90.909,91.61,166.100
SU26230RMFS1,D,01/07/22,000000,92.441,92.441,91.19,91.22,110.833
SU26230RMFS1,D,04/07/22,000000,91.48,91.569,90.51,90.514,28.331
SU26230RMFS1,D,05/07/22,000000,90.501,91.364,89.551,90.2,43.520
SU26230RMFS1,D,06/07/22,000000,90.599,90.599,89.051,90.44,20.442
SU26230RMFS1,D,07/07/22,000000,90.202,90.886,90.068,90.222,98.745
SU26230RMFS1,D,08/07/22,000000,90.891,91.009,90.222,90.297,27.700
SU26230RMFS1,D,11/07/22,000000,90.813,90.813,89.801,89.998,821.218
SU26230RMFS1,D,12/07/22,000000,90.147,90.642,89.55,89.846,836.636
SU26230RMFS1,D,13/07/22,000000,90.441,90.441,89.306,89.449,12.864
SU26230RMFS1,D,14/07/22,000000,90.091,90.091,89,89.572,97.310
SU26230RMFS1,D,15/07/22,000000,89.483,89.85,89.053,89.85,82.470
SU26230RMFS1,D,18/07/22,000000,89.99,89.996,89.59,89.65,137.926
SU26230RMFS1,D,19/07/22,000000,89.851,89.925,89.501,89.512,46.717
SU26230RMFS1,D,20/07/22,000000,89.89,89.998,89.657,89.849,72.257
SU26230RMFS1,D,21/07/22,000000,89.996,90.807,89.852,90.7,574.397
SU26230RMFS1,D,22/07/22,000000,90.833,93,90.833,92,443.182
SU26230RMFS1,D,25/07/22,000000,91.945,93,91.7,91.73,39.269
SU26230RMFS1,D,26/07/22,000000,91.7,91.799,91.25,91.48,254.243
SU26230RMFS1,D,27/07/22,000000,91.699,91.7,91.25,91.626,29.786
SU26230RMFS1,D,28/07/22,000000,91.97,91.972,91.286,91.548,151.072
SU26230RMFS1,D,29/07/22,000000,91.979,91.979,91.222,91.627,20.982
SU26230RMFS1,D,01/08/22,000000,91.65,91.75,91.403,91.67,476.695
SU26230RMFS1,D,02/08/22,000000,91.849,92.072,91.6,91.699,322.134
SU26230RMFS1,D,03/08/22,000000,91.67,91.998,91.278,91.439,31.725
SU26230RMFS1,D,04/08/22,000000,91.998,91.998,91.45,91.699,707.453
SU26230RMFS1,D,05/08/22,000000,91.699,91.71,91.207,91.27,25.464
SU26230RMFS1,D,08/08/22,000000,91.931,91.931,91.363,91.513,14.285
SU26230RMFS1,D,09/08/22,000000,91.6,91.6,91.3,91.418,24.767
SU26230RMFS1,D,10/08/22,000000,91.5,91.5,91.05,91.1,176.546
SU26230RMFS1,D,11/08/22,000000,91.427,91.427,90.27,90.5,36.389
SU26230RMFS1,D,12/08/22,000000,90.558,90.879,90.12,90.45,13.134
SU26230RMFS1,D,15/08/22,000000,90.35,90.878,90.18,90.386,82.516
SU26230RMFS1,D,16/08/22,000000,90.489,90.729,90.26,90.655,73.923
SU26230RMFS1,D,17/08/22,000000,90.82,90.822,90.611,90.822,78.518
SU26230RMFS1,D,18/08/22,000000,90.705,91.449,90.65,90.66,173.879
SU26230RMFS1,D,19/08/22,000000,90.797,91,90.47,90.8,371.666
SU26230RMFS1,D,22/08/22,000000,90.8,91.6,90.264,90.398,52.502
SU26230RMFS1,D,23/08/22,000000,90.39,90.98,90.181,90.192,224.013
SU26230RMFS1,D,24/08/22,000000,90.498,90.498,89.859,90.1,269.674
SU26230RMFS1,D,25/08/22,000000,90.404,90.7,90.058,90.698,123.892
SU26230RMFS1,D,26/08/22,000000,90.7,91,90.408,90.75,155.568
SU26230RMFS1,D,29/08/22,000000,90.759,90.85,90.15,90.244,59.288
SU26230RMFS1,D,30/08/22,000000,90.3,90.558,90.223,90.367,63.060
SU26230RMFS1,D,31/08/22,000000,90.368,90.499,89.55,89.9,149.285
SU26230RMFS1,D,01/09/22,000000,89.999,90.209,89.88,90.1,147.534
SU26230RMFS1,D,02/09/22,000000,90.158,90.499,90.029,90.2,47.360
SU26230RMFS1,D,05/09/22,000000,90.357,90.489,90.2,90.402,37.526
SU26230RMFS1,D,06/09/22,000000,90.479,90.74,90.391,90.65,74.905
SU26230RMFS1,D,07/09/22,000000,90.7,90.896,90.411,90.499,12.789
SU26230RMFS1,D,08/09/22,000000,90.543,90.599,89.9,90.099,146.141
SU26230RMFS1,D,09/09/22,000000,90.15,90.219,90.012,90.2,66.357
SU26230RMFS1,D,12/09/22,000000,90.215,90.497,90.105,90.497,32.681
SU26230RMFS1,D,13/09/22,000000,90.448,90.449,89.88,90.153,108.422
SU26230RMFS1,D,14/09/22,000000,90.005,90.26,89.911,90.26,47.274
SU26230RMFS1,D,15/09/22,000000,90.313,90.363,89.81,90.362,84.086
SU26230RMFS1,D,16/09/22,000000,90.36,90.489,89.079,89.318,167.965
SU26230RMFS1,D,19/09/22,000000,89.499,89.499,87.251,87.74,172.213
SU26230RMFS1,D,20/09/22,000000,87.742,87.742,83.6,84.302,464.308
SU26230RMFS1,D,21/09/22,000000,83,85.229,81,85.226,566.147
SU26230RMFS1,D,22/09/22,000000,85.228,86.5,82.817,82.999,238.505
SU26230RMFS1,D,23/09/22,000000,83.785,83.785,81.501,82.283,311.166
SU26230RMFS1,D,26/09/22,000000,82.285,82.5,77.702,80.383,1.101.077
SU26230RMFS1,D,27/09/22,000000,80.38,81.569,80.23,80.777,341.197
SU26230RMFS1,D,28/09/22,000000,80.801,81.186,79.601,79.8,161.413
SU26230RMFS1,D,29/09/22,000000,80,81.4,78.55,78.628,134.130
SU26230RMFS1,D,30/09/22,000000,78.7,81.419,77.599,78.409,312.855
SU26230RMFS1,D,03/10/22,000000,80.496,80.499,77.724,80.22,658.990
SU26230RMFS1,D,04/10/22,000000,80.721,82.244,80.451,81.399,218.402
SU26230RMFS1,D,05/10/22,000000,80.986,81.43,80.721,81.43,894.355
SU26230RMFS1,D,06/10/22,000000,81.43,82.5,80.85,82.143,640.200
SU26230RMFS1,D,07/10/22,000000,82.143,82.143,79.81,80.041,139.045
SU26230RMFS1,D,10/10/22,000000,80.041,81.781,79.2,80.5,109.368
SU26230RMFS1,D,11/10/22,000000,80.4,82.449,80.27,82.299,181.444
SU26230RMFS1,D,12/10/22,000000,82.3,82.5,81.837,82.2,162.508
SU26230RMFS1,D,13/10/22,000000,82,82.596,81.85,82.3,352.398
SU26230RMFS1,D,14/10/22,000000,82.3,82.501,82.194,82.501,41.921
SU26230RMFS1,D,17/10/22,000000,82.401,83.104,82.4,83.104,59.888
SU26230RMFS1,D,18/10/22,000000,83.103,83.103,82.47,82.9,145.936
SU26230RMFS1,D,19/10/22,000000,83.101,83.102,82.65,83.032,59.417
SU26230RMFS1,D,20/10/22,000000,83.03,83.251,82.711,83.251,253.648
SU26230RMFS1,D,21/10/22,000000,83.25,83.494,82.862,83.494,247.043
SU26230RMFS1,D,24/10/22,000000,83.495,83.916,83.02,83.529,253.550
SU26230RMFS1,D,25/10/22,000000,83.749,83.917,83.342,83.62,289.311
SU26230RMFS1,D,26/10/22,000000,83.62,83.795,83.3,83.795,14.454
SU26230RMFS1,D,27/10/22,000000,83.789,83.79,83.421,83.789,75.159
SU26230RMFS1,D,28/10/22,000000,83.787,83.79,83.452,83.592,15.751
SU26230RMFS1,D,31/10/22,000000,83.595,83.597,83.116,83.293,19.667
SU26230RMFS1,D,01/11/22,000000,83.499,83.79,83.08,83.47,129.073
SU26230RMFS1,D,02/11/22,000000,83.474,83.895,81.2,82.277,636.131
SU26230RMFS1,D,03/11/22,000000,82.281,83,81.5,82.238,44.031
SU26230RMFS1,D,07/11/22,000000,82.592,82.74,81.666,81.912,54.560
SU26230RMFS1,D,08/11/22,000000,82.049,82.049,80.6,80.996,65.227
SU26230RMFS1,D,09/11/22,000000,81.004,81.533,80.7,81.35,45.935
SU26230RMFS1,D,10/11/22,000000,81.591,81.75,81.238,81.75,20.988
SU26230RMFS1,D,11/11/22,000000,81.8,82.2,81.4,81.959,44.664
SU26230RMFS1,D,14/11/22,000000,82,82.588,81.625,81.949,79.148
SU26230RMFS1,D,15/11/22,000000,81.949,82.397,81.378,81.7,60.879
SU26230RMFS1,D,16/11/22,000000,81.901,83.383,81.9,83.285,1.068.600
SU26230RMFS1,D,17/11/22,000000,83.201,83.35,82.711,82.901,54.113
SU26230RMFS1,D,18/11/22,000000,83.04,83.102,82.633,82.95,66.219
SU26230RMFS1,D,21/11/22,000000,82.95,83.151,82.301,82.602,188.488
SU26230RMFS1,D,22/11/22,000000,82.997,82.997,81.993,82.28,219.193
SU26230RMFS1,D,23/11/22,000000,82.442,82.798,81.752,82.641,548.511
SU26230RMFS1,D,24/11/22,000000,82.65,82.8,82.301,82.795,11.535
SU26230RMFS1,D,25/11/22,000000,82.8,82.837,82.2,82.836,14.140
SU26230RMFS1,D,28/11/22,000000,82.712,82.837,82.591,82.67,11.491
SU26230RMFS1,D,29/11/22,000000,82.67,82.893,82.555,82.882,117.953
SU26230RMFS1,D,30/11/22,000000,82.881,82.899,82.602,82.75,22.186
SU26230RMFS1,D,01/12/22,000000,82.877,82.882,82.301,82.447,1.062.352
SU26230RMFS1,D,02/12/22,000000,82.499,82.499,82.14,82.34,767.964
SU26230RMFS1,D,05/12/22,000000,82.339,82.344,82.022,82.15,585.679
SU26230RMFS1,D,06/12/22,000000,82.15,82.3,81.888,82.051,2.202.304
SU26230RMFS1,D,07/12/22,000000,82.051,82.26,81.92,82.26,100.029
SU26230RMFS1,D,08/12/22,000000,82.28,82.879,82.154,82.457,601.440
SU26230RMFS1,D,09/12/22,000000,82.649,82.713,82.396,82.654,17.409
SU26230RMFS1,D,12/12/22,000000,82.65,82.65,82.15,82.449,48.945
SU26230RMFS1,D,13/12/22,000000,82.449,82.495,82.156,82.399,32.691
SU26230RMFS1,D,14/12/22,000000,82.4,82.5,82.226,82.3,11.068
SU26230RMFS1,D,15/12/22,000000,82.495,82.495,82.157,82.38,14.416
SU26230RMFS1,D,16/12/22,000000,82.398,82.45,82.202,82.405,13.743
SU26230RMFS1,D,19/12/22,000000,82.45,82.46,81.303,81.56,113.123
SU26230RMFS1,D,20/12/22,000000,81.919,81.92,81.139,81.383,224.590
SU26230RMFS1,D,21/12/22,000000,81.657,81.69,81.06,81.31,30.669
SU26230RMFS1,D,22/12/22,000000,81.769,81.769,81.217,81.605,281.395
SU26230RMFS1,D,23/12/22,000000,81.65,81.887,81.461,81.886,71.241
SU26230RMFS1,D,26/12/22,000000,81.671,81.998,80.95,81.728,136.206
SU26230RMFS1,D,27/12/22,000000,81.338,81.95,81.338,81.711,523.351
SU26230RMFS1,D,28/12/22,000000,81.798,82,81.634,81.8,103.209
SU26230RMFS1,D,29/12/22,000000,81.997,81.998,81.75,81.799,56.822
SU26230RMFS1,D,30/12/22,000000,81.788,82.412,81.781,82.2,55.055
SU26230RMFS1,D,03/01/23,000000,82.2,82.6,82.2,82.597,9.428
SU26230RMFS1,D,04/01/23,000000,82.597,82.89,82.439,82.599,15.466
SU26230RMFS1,D,05/01/23,000000,82.891,82.908,82.601,82.7,9.437
SU26230RMFS1,D,06/01/23,000000,82.957,82.957,82.549,82.649,7.959
SU26230RMFS1,D,09/01/23,000000,82.649,82.789,81.9,82.29,72.081
SU26230RMFS1,D,10/01/23,000000,82.299,82.3,81.801,82.039,442.349
SU26230RMFS1,D,11/01/23,000000,82.299,82.299,81.815,82.044,28.560
SU26230RMFS1,D,12/01/23,000000,81.907,82.283,81.905,82.133,9.784
SU26230RMFS1,D,13/01/23,000000,82.2,82.257,81.869,81.995,15.342
SU26230RMFS1,D,16/01/23,000000,82.1,82.299,81.88,82.137,45.856
SU26230RMFS1,D,17/01/23,000000,82.151,82.274,81.7,81.7,31.798
SU26230RMFS1,D,18/01/23,000000,81.702,81.998,81.321,81.581,239.153
SU26230RMFS1,D,19/01/23,000000,81.978,82.32,81.5,81.849,62.670
SU26230RMFS1,D,20/01/23,000000,81.949,81.949,81.142,81.439,38.480
SU26230RMFS1,D,23/01/23,000000,81.499,81.7,81.012,81.232,71.861
SU26230RMFS1,D,24/01/23,000000,81.497,81.695,80.9,81.18,52.023
SU26230RMFS1,D,25/01/23,000000,81.199,81.2,80.8,81.073,14.024
SU26230RMFS1,D,26/01/23,000000,81.073,81.399,81.001,81.303,14.702
SU26230RMFS1,D,27/01/23,000000,81.366,81.462,80.97,81.306,258.698
SU26230RMFS1,D,30/01/23,000000,81.45,81.45,80.88,81.299,40.947
SU26230RMFS1,D,31/01/23,000000,81.368,81.386,80.65,80.7,39.606
SU26230RMFS1,D,01/02/23,000000,81.029,81.029,80.32,80.56,113.672
SU26230RMFS1,D,02/02/23,000000,80.817,80.817,80.301,80.451,91.102
SU26230RMFS1,D,03/02/23,000000,80.657,80.668,80.095,80.2,163.965
SU26230RMFS1,D,06/02/23,000000,80.66,80.66,80.08,80.194,231.206
SU26230RMFS1,D,07/02/23,000000,80.194,80.254,80.1,80.254,295.260
SU26230RMFS1,D,08/02/23,000000,80.154,80.2,79.88,80.19,36.424
SU26230RMFS1,D,09/02/23,000000,80.2,80.394,79.899,80.149,238.825
SU26230RMFS1,D,10/02/23,000000,80,80.208,79.8,80.098,107.383
SU26230RMFS1,D,13/02/23,000000,80.127,80.247,79.626,79.765,31.809
SU26230RMFS1,D,14/02/23,000000,79.766,79.986,79.251,79.5,110.126
SU26230RMFS1,D,15/02/23,000000,79.629,79.667,79.002,79.315,126.078
SU26230RMFS1,D,16/02/23,000000,79.314,79.45,78.78,79,32.612
SU26230RMFS1,D,17/02/23,000000,79.099,79.149,78.751,78.981,230.659
SU26230RMFS1,D,20/02/23,000000,79.1,79.139,78.751,78.815,12.887
SU26230RMFS1,D,21/02/23,000000,78.815,79.045,78.62,79.045,55.591
SU26230RMFS1,D,22/02/23,000000,79.047,79.047,78.7,78.972,32.417
SU26230RMFS1,D,24/02/23,000000,78.96,80.298,78.835,78.95,25.641
SU26230RMFS1,D,27/02/23,000000,79.045,79.195,78.907,79.098,184.337
SU26230RMFS1,D,28/02/23,000000,79.098,79.098,78,78.538,723.786
SU26230RMFS1,D,01/03/23,000000,78.795,78.896,78.475,78.895,557.584
SU26230RMFS1,D,02/03/23,000000,78.817,78.998,78.511,78.888,547.298
SU26230RMFS1,D,03/03/23,000000,78.978,79.188,78.754,79.164,26.292
SU26230RMFS1,D,06/03/23,000000,79.19,79.4,79.052,79.37,29.122
SU26230RMFS1,D,07/03/23,000000,79.4,79.697,79.37,79.685,35.308
SU26230RMFS1,D,09/03/23,000000,79.685,79.689,79.45,79.688,17.750
SU26230RMFS1,D,10/03/23,000000,79.6,79.998,79.472,79.88,99.054
SU26230RMFS1,D,13/03/23,000000,79.88,79.993,79.581,79.882,210.305
SU26230RMFS1,D,14/03/23,000000,79.819,79.988,79.478,79.654,88.660
SU26230RMFS1,D,15/03/23,000000,79.654,79.697,79.095,79.262,51.404
SU26230RMFS1,D,16/03/23,000000,79.297,79.496,79.021,79.394,12.851
SU26230RMFS1,D,17/03/23,000000,79.399,79.4,79,79.072,363.698
SU26230RMFS1,D,20/03/23,000000,79.153,79.318,78.75,79.155,45.619
SU26230RMFS1,D,21/03/23,000000,79.155,79.497,78.83,79.497,227.853
SU26230RMFS1,D,22/03/23,000000,79.334,79.693,79.334,79.587,13.808
SU26230RMFS1,D,23/03/23,000000,79.65,79.799,79.427,79.7,15.507
SU26230RMFS1,D,24/03/23,000000,79.796,79.8,79.507,79.703,84.967
SU26230RMFS1,D,27/03/23,000000,79.75,79.78,79.641,79.65,152.097
SU26230RMFS1,D,28/03/23,000000,79.65,79.727,79.003,79.098,785.448
SU26230RMFS1,D,29/03/23,000000,79.098,79.38,79.01,79.344,27.269
SU26230RMFS1,D,30/03/23,000000,79.4,79.4,79.1,79.343,1.238.862
SU26230RMFS1,D,31/03/23,000000,79.4,79.4,79.003,79.11,777.068
SU26230RMFS1,D,03/04/23,000000,79.199,79.199,78.753,79.012,60.312
SU26230RMFS1,D,04/04/23,000000,79.2,79.3,78.796,79.046,225.036
SU26230RMFS1,D,05/04/23,000000,79.02,79.05,78.78,78.987,177.146
SU26230RMFS1,D,06/04/23,000000,78.999,79,78.6,78.62,162.654
SU26230RMFS1,D,07/04/23,000000,78.78,78.819,78,78.68,316.690
SU26230RMFS1,D,10/04/23,000000,78.678,78.96,78.545,78.945,66.174
SU26230RMFS1,D,11/04/23,000000,78.996,78.996,78.55,78.799,132.681
SU26230RMFS1,D,12/04/23,000000,78.798,78.805,78.2,78.395,141.766
SU26230RMFS1,D,13/04/23,000000,78.421,78.463,78.187,78.401,65.182
SU26230RMFS1,D,14/04/23,000000,78.4,78.568,78.28,78.439,242.514
SU26230RMFS1,D,17/04/23,000000,78.567,78.567,78.2,78.4,23.252
SU26230RMFS1,D,18/04/23,000000,78.403,78.567,78.19,78.458,605.492
SU26230RMFS1,D,19/04/23,000000,78.549,78.567,78.195,78.372,241.562
SU26230RMFS1,D,20/04/23,000000,78.372,78.456,78.298,78.443,382.262
SU26230RMFS1,D,21/04/23,000000,78.447,78.568,78.324,78.568,568.433
SU26230RMFS1,D,24/04/23,000000,78.55,78.8,78.402,78.8,39.596
SU26230RMFS1,D,25/04/23,000000,78.8,78.928,78.581,78.772,21.572
SU26230RMFS1,D,26/04/23,000000,78.88,78.994,78.701,78.85,34.117
SU26230RMFS1,D,27/04/23,000000,78.9,79.1,78.799,79.098,53.997
SU26230RMFS1,D,28/04/23,000000,79.1,79.599,79.053,79.458,44.826
SU26230RMFS1,D,02/05/23,000000,79.588,79.7,79.169,79.363,60.622
SU26230RMFS1,D,03/05/23,000000,79.36,79.515,79.03,79.18,35.020
SU26230RMFS1,D,04/05/23,000000,79.2,79.32,78.856,79.219,38.030
SU26230RMFS1,D,05/05/23,000000,79.33,79.349,79,79.171,53.959
SU26230RMFS1,D,08/05/23,000000,79.264,79.35,79,79.2,11.750
SU26230RMFS1,D,10/05/23,000000,79.03,79.48,78.908,79.348,44.312
SU26230RMFS1,D,11/05/23,000000,79.244,79.478,79.2,79.299,136.718
SU26230RMFS1,D,12/05/23,000000,79.477,79.48,79,79.281,50.824
SU26230RMFS1,D,15/05/23,000000,79,79.32,79,79.239,66.799
SU26230RMFS1,D,16/05/23,000000,79.239,79.298,79,79.21,37.340
SU26230RMFS1,D,17/05/23,000000,79.259,79.26,79.05,79.1,17.860
SU26230RMFS1,D,18/05/23,000000,79.07,79.249,79.07,79.115,395.760
SU26230RMFS1,D,19/05/23,000000,79.105,79.22,79.075,79.2,13.972
SU26230RMFS1,D,22/05/23,000000,79.209,79.3,79,79.277,32.844
SU26230RMFS1,D,23/05/23,000000,79.1,79.275,78.9,79.089,508.538
SU26230RMFS1,D,24/05/23,000000,78.968,79.179,78.9,79.101,169.255
SU26230RMFS1,D,25/05/23,000000,79.101,79.101,78.912,79.075,35.520
SU26230RMFS1,D,26/05/23,000000,79.095,79.172,78.956,79.167,17.494
SU26230RMFS1,D,29/05/23,000000,79.168,79.168,78.916,79.117,54.407
SU26230RMFS1,D,30/05/23,000000,79.1,79.149,78.658,79.044,115.291
SU26230RMFS1,D,31/05/23,000000,79.05,79.14,78.66,79,175.234
SU26230RMFS1,D,01/06/23,000000,79.05,79.05,78.68,79.019,268.955
SU26230RMFS1,D,02/06/23,000000,78.94,79,78.58,78.852,27.751
SU26230RMFS1,D,05/06/23,000000,78.899,78.994,78.75,78.896,44.964
SU26230RMFS1,D,06/06/23,000000,78.995,78.997,78.699,78.73,35.079
SU26230RMFS1,D,07/06/23,000000,78.8,78.856,78.716,78.856,24.732
SU26230RMFS1,D,08/06/23,000000,78.855,78.856,78.67,78.799,73.268
SU26230RMFS1,D,09/06/23,000000,78.8,78.822,78.6,78.676,55.584
SU26230RMFS1,D,13/06/23,000000,78.8,78.8,78.411,78.608,92.706
SU26230RMFS1,D,14/06/23,000000,78.6,78.7,78.296,78.402,113.962
SU26230RMFS1,D,15/06/23,000000,78.496,78.496,78.3,78.46,62.388
SU26230RMFS1,D,16/06/23,000000,78.497,78.497,78.31,78.414,38.066
SU26230RMFS1,D,19/06/23,000000,78.495,78.495,78.178,78.4,63.399
SU26230RMFS1,D,20/06/23,000000,78.417,78.417,77.95,78.04,89.365
SU26230RMFS1,D,21/06/23,000000,78.081,78.081,77.825,77.999,249.779
SU26230RMFS1,D,22/06/23,000000,77.92,78.058,77.666,77.908,51.393
SU26230RMFS1,D,23/06/23,000000,77.943,77.985,77.712,77.766,26.967
SU26230RMFS1,D,26/06/23,000000,77.899,77.963,77.55,77.601,39.499
SU26230RMFS1,D,27/06/23,000000,77.798,77.879,77.65,77.804,40.480
SU26230RMFS1,D,28/06/23,000000,77.805,77.952,77.601,77.687,280.045
SU26230RMFS1,D,29/06/23,000000,77.799,77.799,77.313,77.651,22.417
SU26230RMFS1,D,30/06/23,000000,77.738,77.738,77.422,77.5,23.688
SU26230RMFS1,D,03/07/23,000000,77.598,77.598,77.17,77.429,141.841
SU26230RMFS1,D,04/07/23,000000,77.433,77.517,77.207,77.454,28.429
SU26230RMFS1,D,05/07/23,000000,77.351,77.443,77.205,77.359,136.117
SU26230RMFS1,D,06/07/23,000000,77.301,77.375,77,77.195,51.938
SU26230RMFS1,D,07/07/23,000000,77.279,77.3,77.037,77.162,18.473
SU26230RMFS1,D,10/07/23,000000,77.162,77.299,76.952,77.093,38.516
SU26230RMFS1,D,11/07/23,000000,77.092,77.114,76.7,76.968,34.252
SU26230RMFS1,D,12/07/23,000000,76.968,76.988,76.692,76.749,119.669
SU26230RMFS1,D,13/07/23,000000,76.749,76.75,76.5,76.664,169.955
SU26230RMFS1,D,14/07/23,000000,76.685,76.691,76.5,76.651,60.646
SU26230RMFS1,D,17/07/23,000000,76.651,76.746,76.3,76.383,37.859
SU26230RMFS1,D,18/07/23,000000,76.6,76.6,75.94,76.27,64.929
SU26230RMFS1,D,19/07/23,000000,76.395,76.445,76.11,76.445,71.538
SU26230RMFS1,D,20/07/23,000000,76.401,76.449,76.236,76.387,134.797
SU26230RMFS1,D,21/07/23,000000,76.301,76.45,76.211,76.41,37.664
SU26230RMFS1,D,24/07/23,000000,76.41,76.6,76.361,76.591,65.243
SU26230RMFS1,D,25/07/23,000000,76.6,77.1,76.59,76.804,37.371
SU26230RMFS1,D,26/07/23,000000,76.827,77.04,76.66,76.9,24.556
SU26230RMFS1,D,27/07/23,000000,76.801,76.801,76.401,76.6,71.425
SU26230RMFS1,D,28/07/23,000000,76.603,76.665,76.413,76.644,28.596
SU26230RMFS1,D,31/07/23,000000,76.644,76.672,76.45,76.67,49.325
SU26230RMFS1,D,01/08/23,000000,76.672,76.79,76.451,76.708,65.827
SU26230RMFS1,D,02/08/23,000000,76.563,76.786,76.412,76.679,158.309
SU26230RMFS1,D,03/08/23,000000,76.699,76.699,76.301,76.45,112.754
SU26230RMFS1,D,04/08/23,000000,76.447,76.599,76.142,76.432,84.062
SU26230RMFS1,D,07/08/23,000000,76.356,76.386,76.1,76.25,48.506
SU26230RMFS1,D,08/08/23,000000,76.25,76.416,76.1,76.213,51.982
SU26230RMFS1,D,09/08/23,000000,76.2,76.236,75.649,76.053,66.324
SU26230RMFS1,D,10/08/23,000000,76.06,76.06,75.79,75.952,47.945
SU26230RMFS1,D,11/08/23,000000,75.952,76.001,75.732,75.881,35.683
SU26230RMFS1,D,14/08/23,000000,75.877,75.877,75,75.008,364.187
SU26230RMFS1,D,15/08/23,000000,75.008,75.75,74.6,75.648,311.772
SU26230RMFS1,D,16/08/23,000000,75.64,76.049,75.491,76.005,186.217
SU26230RMFS1,D,17/08/23,000000,76,76.587,75.8,76.5,230.954
SU26230RMFS1,D,18/08/23,000000,76.494,76.699,76.352,76.52,280.941
SU26230RMFS1,D,21/08/23,000000,76.521,76.769,76.395,76.5,244.935
SU26230RMFS1,D,22/08/23,000000,76.406,76.7,76.15,76.3,126.744
SU26230RMFS1,D,23/08/23,000000,76.3,76.353,75.805,75.9,95.466
SU26230RMFS1,D,24/08/23,000000,75.805,75.995,75.5,75.58,111.819
SU26230RMFS1,D,25/08/23,000000,75.68,75.715,75.3,75.569,41.763
SU26230RMFS1,D,28/08/23,000000,75.569,75.569,75.222,75.379,53.049
SU26230RMFS1,D,29/08/23,000000,75.35,75.5,75.199,75.298,39.532
SU26230RMFS1,D,30/08/23,000000,75.221,75.4,75.1,75.389,48.704
SU26230RMFS1,D,31/08/23,000000,75.389,75.407,75.207,75.293,52.124
SU26230RMFS1,D,01/09/23,000000,75.272,75.498,75.201,75.301,126.598
SU26230RMFS1,D,04/09/23,000000,75.304,75.35,75.06,75.243,28.979
SU26230RMFS1,D,05/09/23,000000,75.1,75.249,74.65,75,66.782
SU26230RMFS1,D,06/09/23,000000,74.99,75.06,73.766,74,136.021
SU26230RMFS1,D,07/09/23,000000,74.002,74.466,72.5,73.266,110.097
SU26230RMFS1,D,08/09/23,000000,73.392,73.5,72.6,72.801,61.433
SU26230RMFS1,D,11/09/23,000000,72.989,73.471,72.721,72.771,90.573
SU26230RMFS1,D,12/09/23,000000,72.944,74.379,72.773,74.166,92.070
SU26230RMFS1,D,13/09/23,000000,74.46,74.59,73.468,73.9,47.121
SU26230RMFS1,D,14/09/23,000000,73.85,74.276,73.362,73.49,57.608
SU26230RMFS1,D,15/09/23,000000,73.775,73.969,73.141,73.948,342.364
SU26230RMFS1,D,18/09/23,000000,73.948,74.339,73.611,74.046,35.084
SU26230RMFS1,D,19/09/23,000000,74.046,74.273,73.316,73.607,85.052
SU26230RMFS1,D,20/09/23,000000,73.756,73.756,73,73.275,50.428
SU26230RMFS1,D,21/09/23,000000,73.313,73.396,73.076,73.3,36.716
SU26230RMFS1,D,22/09/23,000000,73.398,73.8,73.001,73.37,175.297
SU26230RMFS1,D,25/09/23,000000,73.451,73.7,72.2,73,247.620
SU26230RMFS1,D,26/09/23,000000,72.946,73.154,72.701,72.965,37.609
SU26230RMFS1,D,27/09/23,000000,72.85,72.94,72.47,72.609,251.379
SU26230RMFS1,D,28/09/23,000000,72.696,72.748,72.105,72.499,108.408
SU26230RMFS1,D,29/09/23,000000,72.499,72.599,71,71.707,352.212
SU26230RMFS1,D,02/10/23,000000,71.867,71.867,70.999,71,36.806
SU26230RMFS1,D,03/10/23,000000,71.299,71.867,71,71.449,175.946
SU26230RMFS1,D,04/10/23,000000,71,71.449,71,71.29,127.077
SU26230RMFS1,D,05/10/23,000000,71.3,71.3,71.095,71.199,75.571
SU26230RMFS1,D,06/10/23,000000,71.1,71.168,70.904,71.061,62.558
SU26230RMFS1,D,09/10/23,000000,71,71.167,70.156,70.339,133.878
SU26230RMFS1,D,10/10/23,000000,70.308,70.432,70.1,70.293,63.256
SU26230RMFS1,D,11/10/23,000000,70.293,71.401,70.095,71.4,103.415
SU26230RMFS1,D,12/10/23,000000,70.6,71.997,70.442,71,282.022
SU26230RMFS1,D,13/10/23,000000,71.059,71.2,70.76,70.999,297.942
SU26230RMFS1,D,16/10/23,000000,70.999,72,70.829,71.249,209.012
SU26230RMFS1,D,17/10/23,000000,71.25,71.338,70.751,70.925,627.104
SU26230RMFS1,D,18/10/23,000000,70.91,70.999,70.157,70.414,222.647
SU26230RMFS1,D,19/10/23,000000,70.477,70.477,70.25,70.416,1.026.992
SU26230RMFS1,D,20/10/23,000000,70.415,70.574,70.3,70.548,389.874
SU26230RMFS1,D,23/10/23,000000,70.45,70.766,70.158,70.676,329.442
SU26230RMFS1,D,24/10/23,000000,70.62,70.753,70.355,70.498,2.045.423
SU26230RMFS1,D,25/10/23,000000,70.435,70.614,70.4,70.599,49.122
SU26230RMFS1,D,26/10/23,000000,70.638,70.639,70.3,70.4,84.878
SU26230RMFS1,D,27/10/23,000000,70.4,70.469,69.6,70.159,751.867
SU26230RMFS1,D,30/10/23,000000,70.21,70.4,68.889,69.453,1.186.421
SU26230RMFS1,D,31/10/23,000000,69.518,70.05,69.159,69.269,259.617
SU26230RMFS1,D,01/11/23,000000,69.34,70.367,69.201,70.2,1.167.717
SU26230RMFS1,D,02/11/23,000000,70.2,71.335,69.8,70.9,322.575
SU26230RMFS1,D,03/11/23,000000,71.224,72.17,71.001,72.17,1.183.295
SU26230RMFS1,D,06/11/23,000000,72.212,73.38,72.211,72.682,171.075
SU26230RMFS1,D,07/11/23,000000,72.719,72.897,71.5,71.901,232.536
SU26230RMFS1,D,08/11/23,000000,71.971,72.039,71.4,72.014,1.869.351
SU26230RMFS1,D,09/11/23,000000,71.901,73.33,71.901,72.998,812.943
SU26230RMFS1,D,10/11/23,000000,73.069,73.6,72.71,72.95,102.082
SU26230RMFS1,D,13/11/23,000000,72.98,73.4,72.077,72.267,162.078
SU26230RMFS1,D,14/11/23,000000,72.265,72.267,71.7,72.1,319.116
SU26230RMFS1,D,15/11/23,000000,72.249,72.861,71.85,72.797,273.773
SU26230RMFS1,D,16/11/23,000000,72.8,73.095,72.2,72.459,54.237
SU26230RMFS1,D,17/11/23,000000,72.46,73.182,72.2,72.8,137.726
SU26230RMFS1,D,20/11/23,000000,72.625,73.2,72.415,72.645,219.194
SU26230RMFS1,D,21/11/23,000000,73.099,73.199,72.738,72.8,149.200
SU26230RMFS1,D,22/11/23,000000,72.9,73.409,72.79,73.409,49.638
SU26230RMFS1,D,23/11/23,000000,73.4,73.69,73.053,73.207,75.907
SU26230RMFS1,D,24/11/23,000000,73.449,73.449,72.921,73.134,101.170
SU26230RMFS1,D,27/11/23,000000,73.14,73.15,72.735,72.799,58.491
SU26230RMFS1,D,28/11/23,000000,73.03,73.075,72.8,72.832,150.048
SU26230RMFS1,D,29/11/23,000000,72.947,73.3,72.864,73,28.401
SU26230RMFS1,D,30/11/23,000000,73.001,73.147,72.735,72.85,126.255
SU26230RMFS1,D,01/12/23,000000,72.947,72.96,72.265,72.33,127.725
SU26230RMFS1,D,04/12/23,000000,72.336,72.635,71.161,71.568,85.761
SU26230RMFS1,D,05/12/23,000000,71.568,71.803,71.302,71.502,67.716
SU26230RMFS1,D,06/12/23,000000,71.803,72.644,70.783,71.04,183.603
SU26230RMFS1,D,07/12/23,000000,71.173,71.382,70.866,71.099,44.138
SU26230RMFS1,D,08/12/23,000000,71.199,71.281,70.911,71.18,95.381
SU26230RMFS1,D,11/12/23,000000,71.8,72.3,70.4,70.65,393.998
SU26230RMFS1,D,12/12/23,000000,70.871,71.9,69.55,70.179,398.910
SU26230RMFS1,D,13/12/23,000000,70.37,70.385,69.654,69.906,424.329
SU26230RMFS1,D,14/12/23,000000,70.15,70.15,69.651,69.89,170.694
SU26230RMFS1,D,15/12/23,000000,69.975,71.25,69.7,70.665,904.156
SU26230RMFS1,D,18/12/23,000000,70.665,72,70.2,71.456,379.039
SU26230RMFS1,D,19/12/23,000000,71.899,72.1,71.521,71.9,372.362
SU26230RMFS1,D,20/12/23,000000,71.9,72.344,71.703,72.28,958.754
SU26230RMFS1,D,21/12/23,000000,72.394,72.679,72.25,72.49,348.377
SU26230RMFS1,D,22/12/23,000000,72.68,72.85,72.4,72.5,198.495
SU26230RMFS1,D,25/12/23,000000,72.5,72.549,72.037,72.401,52.876
SU26230RMFS1,D,26/12/23,000000,72.401,72.539,72.071,72.299,116.821
SU26230RMFS1,D,27/12/23,000000,72.25,72.4,72.004,72.384,131.286
SU26230RMFS1,D,28/12/23,000000,72.385,72.529,72.111,72.456,90.365
SU26230RMFS1,D,29/12/23,000000,72.456,73.2,72.152,72.736,312.463
